feature,effect
JobRole_Research Director,-1.1213311205615677
JobRole_Sales Representative,1.0699682858939947
BusinessTravel_Travel_Frequently,0.8561488203338481
BusinessTravel_Non-Travel,-0.849797629575816
JobRole_Laboratory Technician,0.8200416426183781
JobRole_Human Resources,0.7836351995988824
YearsAtCompany,0.7684806026236609
MaritalStatus_Single,0.7392484596795367
EducationField_Technical Degree,0.6970522783593094
JobRole_Healthcare Representative,-0.6458122285968209
overtime_flag,0.6242256991027423
MaritalStatus_Divorced,-0.5769904461934467
YearsWithCurrManager,-0.5620452235701623
JobRole_Manager,-0.5480453923209649
YearsSinceLastPromotion,0.4971184414338059
YearsInCurrentRole,-0.494756460112556
TotalWorkingYears,-0.4701213979016118
EnvironmentSatisfaction,-0.4403436914645329
Department_Sales,0.42294318798247604
NumCompaniesWorked,0.41149352181790244
JobSatisfaction,-0.3967184339604967
EducationField_Life Sciences,-0.39607538285263294
Department_Human Resources,-0.3461033729396491
JobInvolvement,-0.3260649848019365
EducationField_Human Resources,0.3170283427351006
DistanceFromHome,0.3134234167224923
OverTime_Yes,0.28118443747987193
EducationField_Medical,-0.27459989921958006
Gender_Male,0.25805132293741284
TrainingTimesLastYear,-0.24442853817819166
RelationshipSatisfaction,-0.21930996692669813
EducationField_Other,-0.21371700033567795
WorkLifeBalance,-0.21122100339890276
survey_WorkLifeBalanceSurvey,0.20482573741477889
PercentSalaryHike,-0.20304541260073047
JobLevel,0.18707152225846022
Age,-0.18543206498747022
JobRole_Manufacturing Director,-0.18063081171347448
BusinessTravel_Travel_Rarely,0.14340768405582827
DailyRate,-0.1324428964785717
StockOptionLevel,-0.13239376999884578
OverTime_No,-0.13142556266603916
income_yearly,-0.124265153570314
MonthlyIncome,-0.1242651535702998
Gender_Female,-0.108292448123546
PerformanceRating,0.08727222781823238
survey_Satisfaction,-0.08482265565483137
survey_ManagerRelationship,0.08369067697117825
Department_Research & Development,0.07291905977102722
MonthlyRate,0.058231680747518604
survey_RemoteWorkSatisfaction,0.04916450326784889
tenure_ratio,-0.04807837047751468
JobRole_Research Scientist,-0.04450210807862755
survey_Engagement,-0.03458102075315044
Education,0.02022558323607054
EducationField_Marketing,0.020070536127320907
JobRole_Sales Executive,0.016435407973991817
MaritalStatus_Married,-0.012499138672301567
HourlyRate,0.0035638887513348154
