EmployeeNumber,Engagement,Satisfaction,WorkLifeBalanceSurvey,ManagerRelationship,RemoteWorkSatisfaction
1,1,1,3,2,2
2,2,1,5,1,5
4,4,1,1,1,2
5,2,5,5,1,5
7,2,5,4,2,4
8,5,3,1,2,4
10,3,3,2,2,3
11,1,1,4,1,3
12,3,5,3,1,4
13,5,1,4,1,5
14,3,5,3,5,2
15,1,1,2,3,1
16,2,1,4,3,4
18,3,2,3,3,2
19,3,1,5,2,5
20,2,2,4,4,3
21,5,2,3,1,2
22,1,3,4,3,1
23,2,5,3,2,4
24,4,4,2,3,2
26,2,5,5,3,5
27,4,5,4,3,2
28,2,5,4,1,1
30,1,2,2,4,5
31,1,4,4,5,4
32,5,3,5,1,1
33,5,3,3,1,3
35,4,2,4,1,3
36,5,2,5,1,3
38,5,5,2,2,3
39,2,5,5,1,5
40,3,4,1,1,3
41,3,2,1,2,5
42,1,1,4,1,5
45,2,2,4,5,2
46,3,5,5,4,2
47,5,2,3,4,3
49,4,5,4,1,2
51,2,1,3,1,5
52,5,2,5,2,1
53,1,1,2,1,1
54,3,1,5,2,3
55,4,2,5,2,5
56,5,4,2,4,4
57,2,1,1,4,3
58,4,4,4,1,1
60,1,4,3,1,2
61,2,2,5,4,2
62,4,2,3,4,2
63,1,4,5,1,1
64,5,1,1,2,2
65,4,4,4,2,4
68,1,2,4,1,4
70,3,4,3,4,5
72,4,2,2,3,2
73,1,5,5,1,3
74,1,1,5,4,5
75,5,2,1,5,1
76,2,1,5,1,2
77,4,1,5,2,5
78,5,1,5,1,4
79,5,5,5,3,3
80,2,3,2,3,4
81,2,3,4,3,1
83,1,4,5,5,1
84,1,5,2,5,3
85,2,3,1,2,3
86,3,2,4,5,3
88,5,5,1,5,3
90,1,2,3,1,1
91,5,2,3,3,5
94,2,3,2,3,5
95,4,3,1,1,4
96,3,1,1,3,2
97,3,2,4,5,4
98,5,1,1,1,2
100,5,1,3,5,5
101,2,4,2,1,3
102,3,1,3,2,2
103,1,3,5,4,5
104,2,2,2,2,4
105,1,2,3,4,2
106,3,2,1,4,1
107,4,2,2,4,3
110,3,2,2,1,2
112,4,3,3,1,3
113,3,5,4,5,3
116,1,1,3,2,5
117,3,1,1,5,4
118,3,3,4,5,5
119,1,4,5,2,3
120,1,4,1,5,5
121,2,3,4,1,3
124,5,3,1,3,5
125,3,4,3,4,3
126,5,2,2,4,4
128,2,5,5,3,4
129,5,1,3,3,2
131,4,5,5,3,4
132,4,4,2,5,4
133,2,1,3,5,5
134,3,1,2,3,2
137,2,2,1,1,2
138,4,5,1,4,4
139,5,2,4,4,4
140,2,2,1,1,4
141,2,2,5,4,1
142,5,2,1,4,2
143,4,5,5,5,3
144,4,5,5,4,5
145,4,2,4,4,3
147,2,3,5,4,2
148,3,4,1,3,2
150,3,3,3,5,1
151,2,2,2,4,2
152,2,1,4,4,3
153,5,4,4,1,2
154,4,4,5,1,5
155,4,4,1,3,3
158,4,4,5,5,5
159,2,4,2,3,4
160,4,1,4,3,4
161,2,4,2,5,5
162,1,4,5,5,1
163,1,4,2,4,2
164,1,3,4,3,2
165,4,3,3,4,3
167,4,3,1,4,1
169,5,1,3,2,1
170,1,1,2,2,1
171,5,2,2,2,4
174,1,5,2,4,3
175,3,2,5,5,1
176,2,3,1,5,1
177,3,5,4,4,2
178,1,5,2,1,3
179,5,1,5,1,3
182,5,4,3,1,5
183,3,1,4,4,1
184,4,3,4,2,4
190,2,5,3,5,5
192,4,4,4,5,3
193,3,2,1,3,4
194,2,4,5,5,4
195,3,1,4,3,2
197,4,2,3,3,3
198,3,5,3,5,1
199,5,2,1,2,4
200,4,5,2,4,4
201,4,1,1,3,2
202,4,2,3,5,3
204,4,5,5,3,4
205,5,3,3,4,3
206,3,3,2,1,2
207,3,1,5,2,2
208,2,4,3,5,5
211,5,3,1,2,3
214,2,3,2,3,1
215,5,2,3,1,1
216,5,3,2,4,1
217,1,5,3,4,4
218,4,3,2,1,3
221,4,1,1,4,4
223,1,5,1,2,2
224,5,3,1,2,1
226,5,4,5,5,5
227,2,5,4,4,4
228,3,5,4,3,5
230,5,1,5,1,2
231,2,3,1,2,2
233,2,5,1,2,1
235,4,4,5,4,3
238,1,2,3,3,4
239,1,2,3,5,2
240,4,1,5,2,2
241,3,2,1,1,2
242,3,5,5,3,4
243,1,4,3,4,3
244,5,5,4,4,1
245,5,1,4,3,5
246,3,1,1,2,5
247,5,1,3,5,1
248,2,4,5,4,3
249,2,5,4,4,1
250,4,3,4,3,3
252,1,2,3,4,4
253,3,4,5,1,4
254,1,3,3,3,1
256,4,5,1,5,4
258,4,1,2,5,3
259,5,4,4,1,2
260,3,5,2,3,4
261,4,1,1,5,2
262,2,3,5,1,5
264,4,1,2,1,4
267,1,2,4,3,5
269,3,4,4,4,2
270,4,5,2,4,2
271,5,5,2,1,3
273,4,3,5,3,1
274,3,3,5,5,4
275,2,4,5,4,3
277,3,5,5,4,4
281,3,2,2,5,4
282,2,4,1,3,4
283,4,4,2,4,1
284,2,5,5,3,1
286,4,1,5,4,1
287,2,4,2,1,4
288,3,3,5,4,1
291,3,5,4,3,4
292,5,1,5,1,2
293,3,2,1,4,1
296,1,4,2,3,1
297,1,3,1,3,3
298,3,4,2,2,5
299,4,5,2,2,2
300,1,5,4,5,2
302,4,5,2,2,4
303,3,4,3,1,4
304,3,5,2,1,4
305,3,5,3,4,3
306,4,3,2,4,4
307,1,2,4,5,3
308,5,3,3,1,4
309,3,1,5,1,5
311,4,3,2,5,3
312,2,2,5,3,2
314,1,1,3,4,1
315,5,3,2,1,3
316,3,4,2,2,2
319,5,3,5,5,3
321,2,3,4,3,3
323,1,4,1,2,2
325,4,5,3,1,4
327,1,3,5,1,4
328,3,3,5,4,3
329,1,2,4,1,5
330,5,3,5,2,1
331,4,3,4,1,2
332,1,1,3,4,1
333,1,2,5,2,4
334,4,3,5,4,5
335,2,4,1,4,5
336,4,3,1,3,2
337,4,4,2,3,1
338,3,5,3,1,4
339,3,2,1,4,1
340,2,5,1,1,3
341,2,2,5,2,1
342,5,2,5,2,2
343,3,2,5,1,3
346,2,2,5,3,2
347,1,1,2,1,3
349,2,5,3,1,2
350,3,1,2,4,5
351,1,1,4,4,3
352,5,5,1,4,5
353,2,5,1,5,3
355,4,1,1,4,4
359,4,1,4,4,1
361,1,3,5,2,1
362,2,3,5,5,5
363,3,4,5,5,3
364,4,5,5,4,1
366,1,5,2,4,4
367,2,4,3,4,4
369,4,1,3,4,3
372,3,3,2,4,1
373,1,1,1,4,1
374,3,2,5,1,5
376,5,5,3,1,4
377,3,4,1,3,5
378,3,3,1,5,5
379,2,2,4,2,1
380,3,5,3,1,3
381,5,2,4,5,5
382,5,5,1,5,3
384,1,2,3,3,3
385,3,1,2,2,5
386,4,1,2,1,1
387,5,2,4,4,4
388,3,2,3,3,3
389,5,5,1,1,2
390,2,5,1,1,3
391,4,4,4,5,4
392,4,3,2,5,1
393,3,4,1,3,5
394,4,5,3,1,2
395,4,5,1,1,2
396,3,2,2,3,3
397,3,1,1,4,4
399,2,2,4,5,2
401,5,5,3,1,4
403,1,4,1,4,1
404,3,5,4,5,4
405,4,3,1,4,1
406,3,2,5,4,3
407,1,4,1,2,4
408,5,4,5,1,4
410,3,3,2,3,2
411,1,5,1,5,5
412,2,3,3,2,2
416,1,2,3,2,2
417,5,2,1,2,4
419,4,5,5,4,5
420,5,3,3,2,4
421,1,4,4,3,3
422,5,1,3,5,1
423,3,4,4,1,1
424,3,3,1,1,5
425,5,5,4,4,5
426,5,1,4,5,2
428,3,5,4,5,2
429,1,4,1,3,1
430,5,2,1,2,4
431,4,5,5,5,2
433,3,3,3,4,4
434,3,5,1,3,1
436,3,1,5,4,3
437,3,5,2,3,1
438,5,2,3,3,4
439,2,5,1,3,5
440,4,3,2,5,1
441,4,5,3,1,3
442,3,2,2,3,4
444,2,2,2,2,1
445,3,1,5,5,5
446,1,3,5,2,5
447,4,2,2,2,5
448,2,4,1,4,3
449,2,4,5,3,4
450,2,5,2,3,4
451,2,3,5,4,4
452,3,4,5,5,4
453,2,2,5,2,3
454,1,4,3,5,1
455,5,1,3,1,2
456,3,4,5,2,4
458,1,2,4,3,1
460,4,1,4,5,3
461,2,4,1,3,2
462,1,3,1,3,2
463,2,1,3,4,2
464,4,4,5,1,1
465,1,3,2,2,5
466,5,5,4,1,3
467,2,3,1,1,2
468,4,5,4,1,1
469,4,5,5,1,5
470,5,2,2,3,4
471,1,5,3,2,5
473,4,2,1,5,3
474,1,5,5,5,5
475,5,1,4,4,1
476,4,3,3,1,3
477,1,3,2,1,5
478,3,2,1,3,5
479,3,2,4,4,2
481,2,1,4,1,3
482,2,1,2,1,3
483,3,5,4,5,4
484,3,1,2,3,3
485,1,3,3,1,3
486,4,4,4,4,3
487,2,4,4,3,5
488,3,1,4,1,4
491,5,2,5,3,3
492,1,1,3,3,3
493,4,5,4,2,4
494,3,4,1,3,5
495,4,3,1,1,4
496,3,5,2,1,2
497,5,4,1,2,1
498,2,3,3,4,5
499,1,5,2,4,3
500,3,4,1,5,2
501,5,3,4,3,3
502,2,1,1,2,4
505,5,4,5,1,3
507,3,4,2,5,3
508,4,2,1,2,1
510,4,2,4,1,3
511,3,1,5,5,3
513,3,2,2,3,5
514,2,1,2,2,2
515,4,1,3,5,5
516,3,4,5,2,5
517,1,1,3,4,4
518,5,4,4,5,1
520,2,3,1,4,4
521,5,3,2,5,5
522,2,2,4,5,1
523,1,5,2,3,2
524,2,3,2,3,5
525,3,1,3,2,5
526,3,2,3,5,5
527,1,5,2,5,5
529,2,2,5,5,3
530,5,1,1,1,1
531,5,3,2,5,4
532,5,1,4,5,3
533,3,4,2,4,3
534,4,1,1,2,4
536,4,4,4,2,3
538,5,2,3,3,3
543,4,2,3,5,5
544,1,3,2,4,1
546,3,4,2,2,1
547,1,3,4,5,4
548,2,2,3,5,3
549,2,2,4,5,4
550,4,3,4,1,1
551,4,5,4,2,2
554,5,3,1,1,3
555,4,5,4,3,5
556,1,1,4,2,3
558,3,4,3,1,4
560,1,5,5,2,3
562,5,3,1,4,5
564,4,5,3,5,5
565,1,2,1,4,3
566,3,5,3,2,2
567,5,5,4,5,1
568,1,1,2,3,4
569,5,4,2,5,5
571,2,3,5,3,2
573,4,5,3,5,3
574,5,5,5,4,5
575,3,4,1,3,3
577,1,4,5,3,1
578,5,4,3,5,5
579,2,1,5,4,2
580,5,5,4,2,2
581,1,5,1,2,1
582,4,3,4,2,4
584,2,4,5,5,4
585,1,2,5,2,5
586,3,4,5,4,3
587,2,4,5,3,5
590,3,3,5,4,2
591,2,3,5,3,2
592,3,3,2,4,3
593,4,3,5,3,3
595,1,5,5,4,4
597,3,2,3,1,3
599,1,3,4,3,4
600,2,2,5,3,5
601,3,2,1,5,5
602,2,2,1,5,2
604,2,1,1,4,3
605,4,1,2,1,5
606,2,4,4,4,2
608,3,3,3,1,1
611,5,2,5,1,2
612,4,2,1,4,4
613,2,3,1,1,3
614,5,5,1,3,3
615,4,5,5,4,2
616,5,4,3,2,1
618,3,2,4,3,2
620,1,3,3,5,2
621,2,5,4,4,5
622,3,1,4,1,2
623,2,4,3,2,1
624,3,4,2,4,3
625,3,3,5,5,1
626,3,3,2,1,1
630,4,3,2,4,5
631,3,1,3,3,5
632,2,2,2,4,2
634,4,5,3,4,5
635,4,5,2,2,5
638,1,5,4,5,3
639,1,5,1,1,5
641,5,2,5,5,2
643,2,3,5,4,1
644,2,5,4,1,5
645,4,1,4,2,5
647,4,4,5,1,5
648,4,3,1,4,3
649,1,2,5,1,1
650,4,3,1,5,1
652,1,4,1,3,4
653,2,2,4,3,4
655,4,4,4,1,5
656,2,3,1,2,5
657,4,5,2,2,1
659,1,3,4,5,4
661,5,4,2,2,4
662,3,2,3,2,1
663,1,4,5,1,2
664,2,1,1,5,1
665,4,5,1,2,1
666,4,4,2,5,2
667,1,2,5,3,2
669,5,3,5,5,3
671,2,3,2,5,2
675,4,3,3,1,5
677,5,2,4,5,4
679,1,3,4,5,3
680,4,4,2,3,4
682,2,5,4,2,2
683,3,2,4,1,5
684,4,4,5,5,2
686,4,2,3,2,3
689,1,4,3,1,5
690,2,1,3,4,5
691,5,1,1,2,5
692,5,2,4,2,3
698,3,1,2,2,1
699,4,2,5,2,4
700,2,5,3,3,4
701,4,5,3,3,3
702,3,5,4,4,1
704,4,3,2,3,3
705,4,1,5,2,2
707,1,3,5,5,5
709,4,3,2,2,3
710,2,4,5,2,4
712,5,3,3,4,4
714,4,2,3,2,2
715,5,4,2,5,1
716,5,1,1,1,1
717,4,2,2,1,2
720,1,2,5,4,3
721,1,5,5,4,4
722,1,1,5,5,4
723,1,1,5,3,5
724,3,1,5,4,2
725,1,1,5,2,2
727,2,5,5,3,3
728,3,4,1,3,4
729,4,5,2,2,3
730,1,1,1,4,4
731,4,5,4,1,1
732,2,1,4,4,3
733,5,1,5,1,2
734,2,5,4,3,1
738,1,3,5,5,1
741,2,3,1,2,5
742,2,4,1,3,2
743,5,2,5,4,5
744,3,4,2,1,5
746,3,1,1,4,2
747,1,3,5,5,5
749,4,3,1,3,4
752,4,2,3,5,4
754,4,2,5,4,1
757,5,3,2,1,1
758,3,2,4,2,4
760,3,3,1,1,1
762,3,4,3,3,1
763,2,1,2,4,4
764,5,5,5,4,1
766,1,1,3,5,1
769,5,5,3,4,1
771,3,4,4,1,5
772,2,5,5,2,4
773,2,2,3,3,3
775,4,2,1,2,4
776,3,4,3,4,1
780,3,3,2,4,5
781,5,2,4,1,2
783,3,1,4,3,5
784,4,3,4,3,4
785,5,2,3,3,5
786,2,4,3,2,4
787,3,3,4,5,2
789,3,4,3,4,3
791,1,5,2,5,5
792,2,5,1,4,2
793,4,3,1,4,4
796,2,3,2,3,2
797,4,4,1,4,5
799,4,5,4,5,5
800,4,5,1,3,5
802,5,1,1,2,3
803,2,5,1,5,4
804,3,4,1,1,1
805,3,2,5,5,5
806,5,5,2,4,3
807,4,4,5,5,2
808,3,1,4,1,3
809,4,1,1,2,3
811,3,3,4,2,5
812,4,3,4,1,4
813,4,3,1,3,1
815,1,1,3,1,2
816,2,5,2,5,2
817,3,5,4,4,2
819,4,2,2,4,4
820,1,5,2,4,5
823,4,4,1,2,2
824,3,1,5,1,5
825,2,3,3,2,4
826,1,3,4,5,3
827,5,4,5,4,5
828,1,3,3,4,5
829,2,3,5,5,1
830,2,3,1,2,3
832,1,2,3,2,5
833,4,4,5,2,5
834,4,4,2,4,5
836,2,5,2,4,3
837,2,2,3,4,5
838,1,3,1,4,2
840,2,4,5,5,4
842,4,4,4,4,4
843,2,1,5,1,2
844,3,1,3,2,5
845,3,2,4,5,4
846,5,5,1,5,1
847,3,5,3,5,1
848,4,5,2,4,1
850,2,3,1,4,3
851,3,1,4,1,2
852,2,5,3,5,4
854,2,5,2,2,2
855,1,5,3,5,3
856,5,5,2,3,3
857,3,5,3,5,1
859,2,4,1,3,2
861,2,2,2,3,2
862,4,4,2,5,3
864,4,4,4,1,1
865,4,5,3,3,4
867,4,3,5,1,1
868,4,3,1,5,4
869,2,4,2,4,3
872,3,3,3,5,5
874,2,5,4,3,1
875,1,1,4,1,1
878,2,4,4,1,4
879,2,2,3,2,3
880,1,3,3,1,3
881,2,1,4,3,2
882,4,1,1,1,2
885,4,1,2,5,2
887,5,4,1,1,3
888,1,4,2,4,1
889,2,4,1,1,1
893,3,3,3,2,4
894,2,2,1,5,5
895,1,5,2,4,3
896,2,2,4,5,4
897,2,1,1,2,1
899,5,4,3,4,3
900,2,2,3,1,2
901,5,5,5,5,3
902,1,3,2,5,5
903,5,2,4,3,1
904,2,4,4,1,2
905,4,5,1,5,1
909,3,3,2,4,5
910,4,3,5,2,4
911,1,1,5,1,1
912,3,2,1,1,4
913,5,3,5,4,4
916,4,1,5,5,5
918,2,3,1,3,1
920,5,2,2,5,3
922,4,5,1,3,4
923,2,1,2,1,4
924,1,4,5,5,1
925,3,2,1,1,2
926,1,2,4,3,5
927,5,3,2,3,2
930,3,1,1,3,4
932,3,5,1,3,5
933,1,4,4,5,3
934,1,4,5,2,3
936,2,3,1,5,1
939,2,5,1,1,1
940,2,1,4,3,4
941,2,2,1,5,4
942,2,3,2,4,3
944,3,1,5,3,1
945,5,1,2,2,5
947,1,4,1,4,3
949,3,3,1,5,4
950,1,3,2,3,5
951,3,5,2,4,3
952,5,4,2,5,2
954,2,1,4,1,2
956,5,3,1,3,1
957,4,3,1,2,5
958,2,4,4,1,2
959,3,1,1,2,5
960,4,3,4,1,5
961,1,5,2,4,1
964,5,5,1,4,2
966,2,3,3,3,4
967,3,3,4,3,2
969,1,2,2,5,1
970,2,1,2,4,4
972,3,4,1,5,3
974,2,4,3,4,3
975,1,1,2,3,5
976,1,2,3,2,1
977,2,3,4,5,1
981,3,3,2,1,4
982,4,5,5,2,1
983,4,1,2,1,1
984,1,2,2,2,4
985,3,1,5,5,3
986,1,1,1,2,4
987,2,1,3,1,1
990,4,1,2,5,4
991,4,4,1,4,4
992,2,3,2,2,3
994,3,4,2,1,5
995,5,5,2,3,4
996,4,5,4,1,1
997,3,4,2,4,2
998,5,2,5,1,4
999,3,4,5,4,3
1001,5,5,3,4,3
1002,2,1,3,5,2
1003,1,3,1,4,5
1004,3,5,2,2,1
1005,2,2,3,5,1
1006,2,5,4,3,2
1007,2,2,5,3,3
1009,5,1,3,5,5
1010,2,5,2,4,5
1011,3,2,4,1,1
1012,1,2,5,2,1
1013,5,4,1,3,5
1014,2,2,3,2,3
1015,1,1,2,5,2
1016,1,5,3,1,3
1017,4,5,1,3,3
1018,3,2,2,4,4
1019,3,2,5,5,3
1022,2,5,2,4,3
1024,3,2,2,1,5
1025,4,5,1,2,5
1026,3,5,2,5,1
1027,4,2,3,1,2
1028,3,3,2,1,3
1029,4,1,3,2,2
1030,1,3,3,1,1
1032,1,4,4,4,2
1033,4,4,4,3,5
1034,4,1,4,5,2
1035,2,4,1,1,3
1036,1,3,3,1,1
1037,3,2,4,2,1
1038,5,1,3,5,5
1039,4,1,4,2,5
1040,4,2,1,1,3
1042,2,2,4,5,5
1043,3,3,3,2,1
1044,1,4,5,5,4
1045,2,1,3,1,4
1046,1,3,5,4,2
1047,1,1,2,2,3
1048,1,4,1,3,4
1049,4,4,3,1,5
1050,4,2,3,4,3
1052,2,4,1,3,4
1053,4,3,2,3,5
1055,1,2,1,1,3
1056,5,4,5,2,5
1060,1,4,5,4,5
1061,4,5,2,4,3
1062,1,4,1,5,5
1066,5,5,5,2,1
1068,4,2,2,2,2
1069,2,1,4,1,4
1070,2,2,5,3,3
1071,1,1,4,5,4
1073,5,3,3,5,4
1074,1,5,5,5,4
1076,1,4,2,2,5
1077,5,5,1,1,5
1079,1,3,5,3,4
1080,3,4,4,5,5
1081,4,1,2,3,4
1082,2,5,5,4,1
1083,4,3,2,1,4
1084,3,3,1,3,3
1085,3,3,4,1,2
1088,2,3,4,3,3
1092,4,5,1,2,4
1094,2,4,4,5,3
1096,1,5,2,1,3
1097,5,4,2,5,5
1098,1,2,2,2,1
1099,2,1,4,1,3
1100,2,3,3,4,5
1101,4,1,1,2,3
1102,4,5,4,2,4
1103,5,5,3,3,2
1105,3,1,3,1,4
1106,1,2,5,2,2
1107,2,2,3,4,5
1108,1,1,4,2,2
1109,5,1,2,3,5
1111,3,3,4,4,3
1113,4,3,2,4,3
1114,5,5,4,5,1
1115,1,5,3,5,5
1116,5,3,3,1,4
1117,1,3,3,3,3
1118,3,3,2,2,5
1119,2,1,5,4,3
1120,2,1,4,3,3
1121,4,4,4,1,5
1124,5,2,3,2,5
1125,4,3,5,3,2
1126,5,2,3,1,4
1127,2,3,5,2,3
1128,1,2,3,2,3
1131,4,3,3,3,5
1132,3,4,1,4,1
1133,5,5,5,1,4
1135,2,5,1,4,5
1136,3,4,1,2,2
1137,2,3,4,5,4
1138,2,3,2,1,4
1140,3,2,3,1,1
1143,4,3,2,2,5
1148,2,4,1,2,5
1150,4,4,4,4,4
1152,4,1,1,5,2
1154,3,1,3,5,2
1156,1,1,2,2,3
1157,3,2,1,4,5
1158,5,3,2,1,1
1160,3,3,4,5,5
1161,5,3,4,2,3
1162,4,3,2,2,4
1163,1,2,2,2,2
1164,1,5,5,2,1
1165,3,1,4,3,5
1166,5,1,5,1,1
1167,1,1,1,4,4
1171,4,1,5,3,4
1172,2,2,1,3,4
1173,1,5,3,5,5
1175,2,4,1,5,5
1177,1,3,1,1,4
1179,2,5,2,3,5
1180,2,3,4,3,2
1182,1,5,4,2,4
1184,3,2,1,1,1
1185,1,5,4,2,1
1188,5,1,1,3,2
1190,4,3,3,4,1
1191,1,2,1,3,3
1192,3,4,1,1,1
1193,1,2,2,3,3
1195,4,5,3,1,3
1196,3,2,1,4,4
1198,4,3,4,4,4
1200,2,1,2,1,2
1201,1,4,5,4,5
1202,4,2,5,4,3
1203,5,1,2,4,4
1204,1,4,4,1,1
1206,3,3,1,5,5
1207,5,2,3,5,5
1210,5,1,4,2,4
1211,3,4,2,5,5
1212,1,1,2,5,4
1215,4,2,1,4,3
1216,2,3,3,1,5
1217,2,5,4,4,2
1218,1,4,4,5,4
1219,1,4,4,3,1
1220,4,1,1,4,4
1221,1,5,5,1,1
1224,5,5,3,5,5
1225,2,4,3,3,1
1226,2,4,3,5,5
1228,5,4,3,4,1
1231,1,2,1,3,3
1233,3,5,5,3,1
1234,1,2,4,2,4
1235,1,3,5,2,2
1237,1,4,2,4,2
1238,3,1,4,1,5
1239,1,4,4,5,5
1240,2,4,1,5,1
1241,5,4,5,4,5
1242,2,5,2,2,1
1243,4,5,5,3,5
1244,4,4,5,2,3
1245,4,3,3,4,2
1246,2,4,5,5,3
1248,5,3,5,2,2
1249,2,5,3,3,2
1250,2,5,5,3,1
1251,3,5,4,5,5
1252,4,5,3,4,1
1254,5,1,1,4,2
1255,1,1,2,3,2
1256,3,3,2,1,3
1257,2,5,1,3,4
1258,1,5,5,2,5
1259,4,2,5,3,1
1260,4,4,4,3,5
1263,1,1,3,2,5
1264,4,2,3,5,5
1265,5,2,2,3,4
1267,2,1,2,2,5
1268,1,4,1,4,3
1269,5,3,2,2,5
1270,3,1,3,4,2
1273,1,2,3,5,1
1275,5,3,4,5,5
1277,3,1,3,5,2
1278,2,5,1,5,2
1279,4,5,5,4,1
1280,3,2,2,3,3
1281,3,3,2,5,5
1282,4,5,1,1,3
1283,4,2,5,5,2
1285,1,3,4,1,4
1286,3,5,3,1,5
1288,3,5,5,4,4
1289,1,3,2,3,5
1291,1,1,2,5,5
1292,1,1,2,2,4
1293,1,2,5,4,1
1294,2,1,4,3,1
1295,1,1,1,2,3
1296,5,1,5,2,3
1297,4,4,4,4,4
1298,3,1,4,1,5
1299,1,5,1,5,1
1301,1,3,5,1,3
1303,3,5,1,3,4
1304,4,4,1,4,2
1306,5,2,2,4,5
1307,3,2,3,3,1
1308,5,5,2,1,1
1309,1,5,5,4,5
1310,5,1,3,2,3
1311,2,4,5,2,2
1312,2,2,5,3,2
1314,1,2,5,1,5
1315,4,5,1,3,1
1317,3,1,2,5,4
1318,3,3,2,2,1
1319,3,5,1,2,3
1321,4,4,3,5,3
1322,5,2,5,5,3
1324,3,4,2,1,3
1329,2,2,4,3,3
1331,2,3,4,4,4
1333,3,3,4,5,1
1334,2,5,1,3,2
1336,5,2,3,1,1
1338,1,5,1,5,5
1340,4,5,2,1,5
1344,3,5,5,4,2
1346,3,4,2,5,3
1349,2,4,5,5,1
1350,4,3,5,1,2
1352,5,2,5,2,4
1355,2,2,5,5,2
1356,4,3,1,2,4
1358,2,1,3,3,2
1360,1,2,5,3,4
1361,4,4,1,1,3
1362,1,5,3,3,5
1363,5,5,2,4,4
1364,3,5,1,5,3
1367,4,2,5,4,3
1368,3,4,4,5,1
1369,5,2,4,2,2
1371,1,5,3,2,2
1372,2,2,3,5,1
1373,2,4,3,1,4
1374,4,4,2,5,2
1375,4,1,2,1,2
1377,5,5,2,2,5
1379,1,5,2,1,2
1380,3,2,5,4,5
1382,5,1,3,1,2
1383,4,5,4,4,2
1387,2,4,5,2,5
1389,2,5,5,3,2
1390,3,4,5,5,1
1391,2,4,4,2,1
1392,1,2,5,5,4
1394,2,5,1,2,4
1395,5,5,1,5,5
1396,1,1,4,2,5
1397,5,1,4,5,4
1399,3,1,5,4,2
1401,4,4,3,5,5
1402,1,4,2,3,4
1403,2,1,3,5,5
1405,4,3,2,1,1
1407,5,5,1,5,1
1408,4,2,3,4,3
1409,1,2,4,5,3
1411,3,5,4,5,3
1412,5,3,4,2,4
1415,5,5,4,2,3
1417,5,5,4,3,3
1419,5,3,4,2,1
1420,2,4,2,1,2
1421,5,4,3,5,5
1422,1,2,4,1,1
1423,2,4,5,4,1
1424,1,3,2,3,1
1425,5,1,4,4,5
1427,5,3,5,1,2
1428,4,4,1,2,5
1430,3,2,1,5,5
1431,5,2,5,2,1
1433,3,2,1,2,1
1434,3,4,3,4,4
1435,5,2,5,1,1
1436,1,5,3,5,5
1438,3,3,3,2,5
1439,2,4,4,5,1
1440,3,2,4,5,1
1441,5,1,5,3,3
1443,1,5,3,5,5
1445,3,4,4,5,4
1446,2,3,4,4,5
1447,1,4,1,3,1
1448,4,2,2,3,4
1449,3,5,5,1,3
1453,2,3,1,4,3
1457,1,5,2,4,3
1458,3,2,5,3,2
1459,2,4,2,2,2
1460,3,2,2,2,2
1461,5,3,2,1,1
1464,1,4,5,1,5
1465,1,4,3,5,3
1466,4,5,3,4,2
1467,5,3,4,2,5
1468,2,1,5,4,4
1469,5,1,5,3,4
1471,2,4,1,5,4
1472,3,1,1,2,4
1473,5,1,3,3,5
1474,3,2,5,3,2
1475,3,4,5,3,3
1477,2,4,4,2,4
1478,3,3,4,3,4
1479,2,5,2,5,2
1480,1,3,2,5,4
1481,4,2,2,2,4
1482,1,2,4,4,2
1483,5,5,3,4,3
1484,3,5,5,1,4
1485,1,2,1,2,3
1486,4,1,4,3,3
1487,3,3,5,5,3
1489,3,1,4,1,3
1492,5,2,5,5,5
1494,2,3,3,3,5
1495,4,4,1,4,5
1496,3,4,2,2,3
1497,4,5,5,4,1
1499,1,2,3,2,3
1501,3,3,3,5,4
1502,3,4,3,5,5
1503,4,4,2,2,1
1504,2,2,3,1,2
1506,2,4,1,1,1
1507,4,5,1,1,4
1509,5,1,1,3,5
1513,2,1,4,3,2
1514,2,3,4,2,2
1515,5,2,1,1,3
1516,3,4,4,5,3
1520,5,4,2,5,2
1522,5,5,4,5,4
1523,5,5,3,3,4
1525,5,2,1,4,3
1527,3,4,3,2,3
1529,1,1,5,2,3
1533,3,4,5,1,4
1534,4,3,1,4,3
1535,5,2,1,5,3
1537,2,4,5,4,4
1539,2,2,4,4,2
1541,3,1,4,2,5
1542,5,3,3,5,3
1543,4,2,1,2,2
1544,3,1,4,5,4
1545,3,5,4,2,3
1546,1,2,1,5,1
1547,2,1,3,3,2
1548,4,1,2,1,2
1549,1,4,2,3,4
1550,3,4,3,4,1
1551,3,1,2,1,3
1552,4,1,5,4,2
1553,2,3,4,1,1
1554,2,4,4,2,1
1555,2,4,1,5,2
1556,4,4,3,3,2
1557,1,5,5,1,3
1558,4,3,2,3,1
1560,2,1,2,4,3
1562,1,2,3,5,1
1563,4,2,1,1,5
1564,4,5,2,3,1
1568,2,2,4,1,5
1569,3,1,1,3,2
1572,5,1,2,4,2
1573,3,5,3,4,2
1574,1,4,3,2,3
1576,1,4,4,5,3
1577,5,4,2,5,2
1578,5,3,3,4,3
1580,5,5,2,1,5
1581,2,4,3,3,5
1582,3,4,1,5,4
1583,2,1,5,3,5
1585,2,3,1,5,4
1586,2,5,4,5,2
1587,5,3,3,4,3
1588,1,1,5,1,1
1590,2,2,1,2,1
1591,4,2,1,1,5
1592,4,4,5,5,5
1594,3,1,3,2,5
1595,1,1,2,4,1
1596,4,1,3,5,4
1597,3,1,5,3,5
1598,1,1,3,1,2
1599,5,1,1,2,5
1601,4,2,2,5,2
1602,5,2,5,5,4
1604,1,5,3,4,4
1605,1,2,2,5,4
1606,5,3,2,5,5
1607,4,3,3,5,3
1608,3,4,4,3,5
1609,2,5,5,2,4
1611,5,3,3,4,4
1612,4,1,1,3,5
1613,1,5,2,3,1
1614,3,2,2,3,1
1615,3,5,5,5,5
1617,5,2,1,1,4
1618,3,2,2,3,3
1619,5,2,2,3,3
1621,1,5,4,5,2
1622,1,3,4,2,4
1623,5,1,5,3,1
1624,5,4,1,1,3
1625,3,4,4,1,2
1627,5,1,4,1,3
1628,5,1,3,5,5
1630,2,3,5,2,2
1631,1,4,4,5,5
1633,5,1,2,4,3
1635,4,2,2,3,1
1638,4,5,1,5,4
1639,3,1,4,5,4
1640,2,2,4,5,2
1641,4,4,5,2,5
1642,5,5,2,2,1
1644,3,4,3,5,1
1645,1,4,4,3,3
1646,2,3,3,5,1
1647,3,2,3,5,4
1648,5,2,4,1,2
1649,2,3,2,1,1
1650,1,2,5,2,3
1651,1,3,1,3,4
1653,4,1,3,2,5
1654,2,2,5,5,3
1655,5,4,5,2,1
1656,4,5,5,1,3
1657,2,1,3,2,5
1658,3,1,4,1,1
1659,4,3,3,1,1
1661,3,4,2,4,5
1662,1,3,4,5,5
1664,1,2,2,5,4
1665,5,1,1,2,5
1666,3,3,4,4,2
1667,1,3,3,3,3
1668,2,5,3,1,3
1669,4,1,5,3,2
1670,2,3,4,2,1
1671,4,5,5,2,4
1673,2,5,2,4,3
1674,5,3,4,5,2
1675,2,2,5,5,2
1676,2,3,5,2,4
1677,2,5,2,3,1
1678,5,5,1,2,3
1680,2,1,3,4,4
1681,3,4,3,2,2
1682,1,2,2,1,5
1683,5,3,5,5,5
1684,2,5,2,2,1
1687,3,1,4,2,5
1689,5,4,3,2,4
1691,4,4,2,2,2
1692,2,1,4,1,3
1693,4,2,2,2,1
1694,2,4,5,4,3
1696,4,2,4,4,1
1697,5,4,3,4,5
1698,5,5,5,5,1
1700,5,1,4,4,1
1701,2,5,5,4,1
1702,5,4,5,1,2
1703,3,4,4,3,3
1704,4,2,4,3,5
1706,1,5,2,4,4
1707,1,5,1,2,5
1708,5,2,4,4,3
1709,4,1,2,4,5
1710,2,4,1,3,3
1712,2,1,1,1,4
1714,3,1,5,4,5
1716,5,2,4,5,4
1718,1,2,3,5,2
1719,2,2,2,1,4
1720,3,3,4,3,2
1721,1,2,2,1,5
1722,3,1,4,4,4
1724,5,1,5,4,2
1725,2,5,4,4,4
1727,4,1,5,5,1
1728,2,5,3,5,5
1729,2,1,2,2,1
1731,3,1,2,1,5
1732,5,3,3,1,1
1733,1,4,2,2,3
1734,5,5,5,5,2
1735,4,5,3,1,1
1736,3,3,3,4,1
1737,4,5,1,3,4
1739,2,1,3,3,5
1740,4,5,2,2,5
1744,1,1,5,5,1
1745,4,5,3,4,5
1746,3,3,5,5,5
1747,3,2,5,5,4
1749,5,4,4,2,5
1751,2,3,2,1,1
1752,1,4,1,2,5
1753,4,4,1,3,3
1754,5,2,1,2,3
1755,3,1,3,3,5
1756,5,3,1,1,3
1757,3,4,5,5,1
1758,2,2,3,3,4
1760,4,1,2,4,2
1761,4,5,3,4,4
1762,1,5,3,5,3
1763,5,5,1,2,5
1764,3,3,1,2,3
1766,1,3,4,5,2
1767,5,5,4,2,5
1768,1,3,3,1,3
1770,4,1,4,2,3
1771,4,3,2,5,3
1772,2,1,3,1,2
1774,1,4,5,1,4
1775,5,2,2,3,4
1778,5,3,3,2,1
1779,5,2,2,1,4
1780,4,5,1,1,3
1782,1,5,1,3,4
1783,1,1,5,3,1
1784,5,3,2,3,2
1786,2,3,3,5,3
1787,4,1,3,2,2
1789,3,1,1,5,5
1790,5,1,2,5,3
1792,5,3,3,2,3
1794,5,2,2,1,3
1797,5,3,5,4,1
1798,2,1,4,1,1
1799,4,1,1,4,4
1800,2,5,5,4,5
1801,3,3,3,2,5
1802,1,4,5,2,1
1803,4,1,4,3,4
1804,4,2,2,2,5
1805,3,3,4,2,3
1807,3,4,4,1,1
1809,4,1,3,4,4
1812,2,3,3,5,5
1813,2,5,1,4,1
1814,3,5,1,3,5
1815,4,4,5,4,2
1816,5,2,5,2,4
1818,4,1,3,2,5
1821,4,4,5,3,5
1822,2,2,1,5,4
1823,1,5,5,4,3
1824,5,1,4,2,3
1826,4,1,5,1,5
1827,4,3,4,1,1
1829,2,2,5,1,2
1830,2,4,5,3,4
1833,5,5,4,2,2
1834,3,3,5,3,4
1835,3,1,5,1,5
1836,5,4,2,3,1
1837,3,5,1,1,5
1839,3,1,3,1,2
1842,4,5,4,3,4
1844,4,4,4,5,2
1845,2,4,2,2,5
1847,4,3,4,2,3
1849,2,2,1,1,1
1850,2,4,4,2,1
1852,2,4,4,5,4
1853,5,2,4,5,4
1854,5,4,4,3,2
1856,2,4,5,1,5
1857,4,2,5,3,4
1858,5,5,3,1,1
1859,5,4,3,1,5
1860,4,1,2,5,3
1862,4,5,1,5,5
1863,1,2,4,1,5
1864,5,3,5,1,3
1865,5,1,4,4,5
1866,4,5,3,4,3
1867,3,3,2,1,5
1868,3,5,3,1,4
1869,5,2,5,1,3
1870,5,1,3,4,1
1871,2,5,1,3,3
1873,2,5,3,3,3
1875,1,1,5,2,5
1876,2,4,3,2,3
1878,2,4,2,5,1
1880,3,1,2,5,2
1881,4,4,4,2,4
1882,2,2,5,3,1
1883,3,1,1,2,4
1885,4,4,3,4,5
1886,2,4,4,4,3
1888,2,5,4,1,3
1890,4,4,3,5,1
1892,1,5,3,4,5
1893,3,3,3,3,1
1898,3,5,4,4,2
1900,5,2,5,3,2
1903,3,5,1,1,1
1905,1,4,1,5,1
1907,4,3,2,3,3
1908,2,1,1,5,1
1909,1,5,2,5,1
1911,1,1,5,2,4
1912,5,2,1,2,3
1915,3,4,1,4,3
1916,4,3,3,2,1
1918,3,1,4,4,3
1922,1,3,3,2,4
1924,1,4,2,5,4
1927,2,4,1,2,5
1928,4,2,5,1,4
1929,3,1,1,1,1
1931,5,3,4,1,4
1932,2,1,1,4,3
1933,2,3,4,5,1
1934,5,4,4,4,4
1935,1,5,2,1,4
1936,4,1,5,5,3
1937,3,3,4,1,1
1938,3,5,3,1,4
1939,3,2,2,5,1
1940,4,2,3,4,1
1941,3,4,1,4,2
1943,2,1,2,1,5
1944,2,4,4,1,5
1945,3,4,5,4,1
1947,1,3,1,3,1
1948,4,1,2,5,4
1949,5,2,5,2,1
1950,1,2,4,1,4
1951,5,1,2,2,1
1952,2,1,3,1,4
1954,5,2,5,1,1
1955,1,4,5,5,2
1956,1,2,4,3,4
1960,3,1,5,5,2
1961,3,2,1,5,2
1962,3,1,1,3,2
1965,4,2,3,5,2
1966,4,2,5,1,2
1967,1,5,4,2,1
1968,4,1,1,1,2
1969,1,5,3,4,4
1970,2,2,2,3,5
1971,4,4,2,2,5
1972,1,5,2,4,5
1973,1,3,3,4,1
1974,5,2,2,1,5
1975,1,5,3,5,5
1976,2,4,2,3,1
1979,2,1,2,4,4
1980,2,2,1,1,3
1981,3,2,4,3,3
1982,5,4,1,1,1
1985,5,2,2,1,4
1986,5,1,1,2,4
1987,5,5,3,4,2
1989,3,2,1,3,2
1992,1,2,4,2,4
1993,2,1,4,5,4
1994,1,4,2,2,5
1995,4,2,4,3,2
1996,4,2,3,3,2
1997,3,2,1,5,1
1998,3,2,1,4,4
1999,4,2,3,2,3
2000,5,2,5,2,5
2003,5,2,1,4,5
2007,4,2,5,4,4
2008,3,1,4,2,2
2009,3,4,5,2,5
2010,2,5,1,4,1
2012,1,4,5,1,4
2013,5,4,4,1,4
2014,4,2,1,5,1
2015,4,2,2,3,3
2016,2,1,1,4,3
2017,2,4,5,5,1
2018,4,4,2,4,2
2019,3,4,1,1,4
2020,3,5,1,3,4
2021,3,5,5,5,2
2022,1,5,3,1,5
2023,3,1,1,4,3
2024,4,5,1,3,3
2025,2,5,1,5,2
2026,2,3,2,5,1
2027,4,5,2,2,3
2031,3,3,5,4,3
2032,1,1,3,3,4
2034,4,5,5,1,4
2035,5,5,3,4,5
2036,3,1,2,4,1
2037,1,4,2,3,1
2038,1,2,3,1,2
2040,4,2,2,5,1
2041,3,4,5,2,4
2044,3,4,4,1,3
2045,2,1,1,2,5
2046,3,4,5,3,3
2048,4,5,5,5,4
2049,4,3,5,2,3
2051,2,3,2,4,3
2052,3,1,2,3,3
2053,4,2,5,2,5
2054,3,2,2,2,2
2055,2,1,1,3,5
2056,2,4,3,3,2
2057,2,5,1,3,3
2060,2,3,4,5,2
2061,5,3,1,1,4
2062,4,2,4,3,2
2064,1,5,5,3,3
2065,4,3,5,2,5
2068,4,3,1,4,1
